caseidx,PhoneNumber,Trt,MobileCredit,Wave
406,PII,2,20GHS,1
1606,PII,2,20GHS,1
1610,PII,2,20GHS,1
2108,PII,2,20GHS,1
2210,PII,2,20GHS,1
2404,PII,2,20GHS,1
2501,PII,2,20GHS,1
2607,PII,2,20GHS,1
2910,PII,2,20GHS,1
3002,PII,2,20GHS,1
3005,PII,2,20GHS,1
3412,PII,2,20GHS,1
4309,PII,2,20GHS,1
4405,PII,2,20GHS,1
4702,PII,2,20GHS,1
4901,PII,2,20GHS,1
5114,PII,2,20GHS,1
5513,PII,2,20GHS,1
6402,PII,2,20GHS,1
6404,PII,2,20GHS,1
6705,PII,2,20GHS,1
7004,PII,2,20GHS,1
7111,PII,2,20GHS,1
7515,PII,2,20GHS,1
7914,PII,2,20GHS,1
8101,PII,2,20GHS,1
8212,PII,2,20GHS,1
8301,PII,2,20GHS,1
8502,PII,2,20GHS,1
8601,PII,2,20GHS,1
8903,PII,2,20GHS,1
9113,PII,2,20GHS,1
10003,PII,2,20GHS,1
10011,PII,2,20GHS,1
10306,PII,2,20GHS,1
10406,PII,2,20GHS,1
10506,PII,2,20GHS,1
10715,PII,2,20GHS,1
10915,PII,2,20GHS,1
11202,PII,2,20GHS,1
11307,PII,2,20GHS,1
11613,PII,2,20GHS,1
11701,PII,2,20GHS,1
11705,PII,2,20GHS,1
12007,PII,2,20GHS,1
12109,PII,2,20GHS,1
12311,PII,2,20GHS,1
12703,PII,2,20GHS,1
12913,PII,2,20GHS,1
13005,PII,2,20GHS,1
13111,PII,2,20GHS,1
13309,PII,2,20GHS,1
13406,PII,2,20GHS,1
13611,PII,2,20GHS,1
13702,PII,2,20GHS,1
13913,PII,2,20GHS,1
14202,PII,2,20GHS,1
14213,PII,2,20GHS,1
14809,PII,2,20GHS,1
15111,PII,2,20GHS,1
15402,PII,2,20GHS,1
15404,PII,2,20GHS,1
15413,PII,2,20GHS,1
15803,PII,2,20GHS,1
16015,PII,2,20GHS,1
16213,PII,2,20GHS,1
16302,PII,2,20GHS,1
16803,PII,2,20GHS,1
16915,PII,2,20GHS,1
17214,PII,2,20GHS,1
17403,PII,2,20GHS,1
17510,PII,2,20GHS,1
17805,PII,2,20GHS,1
17807,PII,2,20GHS,1
17809,PII,2,20GHS,1
18008,PII,2,20GHS,1
18113,PII,2,20GHS,1
18207,PII,2,20GHS,1
18709,PII,2,20GHS,1
19003,PII,2,20GHS,1
20102,PII,2,20GHS,1
20105,PII,2,20GHS,1
20111,PII,2,20GHS,1
20214,PII,2,20GHS,1
20901,PII,2,20GHS,1
21214,PII,2,20GHS,1
21708,PII,2,20GHS,1
22406,PII,2,20GHS,1
22604,PII,2,20GHS,1
22607,PII,2,20GHS,1
22609,PII,2,20GHS,1
23015,PII,2,20GHS,1
23210,PII,2,20GHS,1
23314,PII,2,20GHS,1
23708,PII,2,20GHS,1
24012,PII,2,20GHS,1
24408,PII,2,20GHS,1
24409,PII,2,20GHS,1
24602,PII,2,20GHS,1
24801,PII,2,20GHS,1
25414,PII,2,20GHS,1
25515,PII,2,20GHS,1
26007,PII,2,20GHS,1
26208,PII,2,20GHS,1
26211,PII,2,20GHS,1
26307,PII,2,20GHS,1
26405,PII,2,20GHS,1
26706,PII,2,20GHS,1
26910,PII,2,20GHS,1
27103,PII,2,20GHS,1
27203,PII,2,20GHS,1
27611,PII,2,20GHS,1
28109,PII,2,20GHS,1
28213,PII,2,20GHS,1
28315,PII,2,20GHS,1
28715,PII,2,20GHS,1
28907,PII,2,20GHS,1
29104,PII,2,20GHS,1
29512,PII,2,20GHS,1
29605,PII,2,20GHS,1
29714,PII,2,20GHS,1
29803,PII,2,20GHS,1
30106,PII,2,20GHS,1
30606,PII,2,20GHS,1
30614,PII,2,20GHS,1
30803,PII,2,20GHS,1
30915,PII,2,20GHS,1
31109,PII,2,20GHS,1
31202,PII,2,20GHS,1
31504,PII,2,20GHS,1
31703,PII,2,20GHS,1
31710,PII,2,20GHS,1
31903,PII,2,20GHS,1
32001,PII,2,20GHS,1
32007,PII,2,20GHS,1
32013,PII,2,20GHS,1
32601,PII,2,20GHS,1
32606,PII,2,20GHS,1
32714,PII,2,20GHS,1
32801,PII,2,20GHS,1
32803,PII,2,20GHS,1
33402,PII,2,20GHS,1
33506,PII,2,20GHS,1
33510,PII,2,20GHS,1
33611,PII,2,20GHS,1
33712,PII,2,20GHS,1
34104,PII,2,20GHS,1
34413,PII,2,20GHS,1
35010,PII,2,20GHS,1
35104,PII,2,20GHS,1
35110,PII,2,20GHS,1
35414,PII,2,20GHS,1
35508,PII,2,20GHS,1
36315,PII,2,20GHS,1
36506,PII,2,20GHS,1
36513,PII,2,20GHS,1
36711,PII,2,20GHS,1
37202,PII,2,20GHS,1
37701,PII,2,20GHS,1
38109,PII,2,20GHS,1
38303,PII,2,20GHS,1
38307,PII,2,20GHS,1
38402,PII,2,20GHS,1
38807,PII,2,20GHS,1
39412,PII,2,20GHS,1
39703,PII,2,20GHS,1
39908,PII,2,20GHS,1
40004,PII,2,20GHS,1
40008,PII,2,20GHS,1
40708,PII,2,20GHS,1
41313,PII,2,20GHS,1
41811,PII,2,20GHS,1
42015,PII,2,20GHS,1
43111,PII,2,20GHS,1
43211,PII,2,20GHS,1
43214,PII,2,20GHS,1
43303,PII,2,20GHS,1
43409,PII,2,20GHS,1
43414,PII,2,20GHS,1
43614,PII,2,20GHS,1
43910,PII,2,20GHS,1
44007,PII,2,20GHS,1
44402,PII,2,20GHS,1
44602,PII,2,20GHS,1
45008,PII,2,20GHS,1
45102,PII,2,20GHS,1
45105,PII,2,20GHS,1
45604,PII,2,20GHS,1
45911,PII,2,20GHS,1
45913,PII,2,20GHS,1
46508,PII,2,20GHS,1
46513,PII,2,20GHS,1
46902,PII,2,20GHS,1
47507,PII,2,20GHS,1
47707,PII,2,20GHS,1
47814,PII,2,20GHS,1
48314,PII,2,20GHS,1
49311,PII,2,20GHS,1
49515,PII,2,20GHS,1
49715,PII,2,20GHS,1
50209,PII,2,20GHS,1
50511,PII,2,20GHS,1
50515,PII,2,20GHS,1
52014,PII,2,20GHS,1
52402,PII,2,20GHS,1
53304,PII,2,20GHS,1
53901,PII,2,20GHS,1
54008,PII,2,20GHS,1
54612,PII,2,20GHS,1
54907,PII,2,20GHS,1
55202,PII,2,20GHS,1
56013,PII,2,20GHS,1
56105,PII,2,20GHS,1
56907,PII,2,20GHS,1
57115,PII,2,20GHS,1
57315,PII,2,20GHS,1
58402,PII,2,20GHS,1
58801,PII,2,20GHS,1
59514,PII,2,20GHS,1
59615,PII,2,20GHS,1
60007,PII,2,20GHS,1
60714,PII,2,20GHS,1
61607,PII,2,20GHS,1
62202,PII,2,20GHS,1
62312,PII,2,20GHS,1
62404,PII,2,20GHS,1
62510,PII,2,20GHS,1
62611,PII,2,20GHS,1
63001,PII,2,20GHS,1
63104,PII,2,20GHS,1
63113,PII,2,20GHS,1
63401,PII,2,20GHS,1
63406,PII,2,20GHS,1
63704,PII,2,20GHS,1
64003,PII,2,20GHS,1
64004,PII,2,20GHS,1
64209,PII,2,20GHS,1
64215,PII,2,20GHS,1
64607,PII,2,20GHS,1
64613,PII,2,20GHS,1
64801,PII,2,20GHS,1
64808,PII,2,20GHS,1
65015,PII,2,20GHS,1
65404,PII,2,20GHS,1
65502,PII,2,20GHS,1
65614,PII,2,20GHS,1
65805,PII,2,20GHS,1
66106,PII,2,20GHS,1
66506,PII,2,20GHS,1
66508,PII,2,20GHS,1
66809,PII,2,20GHS,1
67015,PII,2,20GHS,1
67410,PII,2,20GHS,1
67513,PII,2,20GHS,1
68107,PII,2,20GHS,1
68213,PII,2,20GHS,1
68215,PII,2,20GHS,1
68501,PII,2,20GHS,1
68506,PII,2,20GHS,1
68812,PII,2,20GHS,1
68912,PII,2,20GHS,1
69204,PII,2,20GHS,1
69210,PII,2,20GHS,1
69314,PII,2,20GHS,1
69406,PII,2,20GHS,1
69810,PII,2,20GHS,1
69913,PII,2,20GHS,1
70015,PII,2,20GHS,1
70411,PII,2,20GHS,1
70804,PII,2,20GHS,1
70815,PII,2,20GHS,1
70906,PII,2,20GHS,1
71104,PII,2,20GHS,1
71301,PII,2,20GHS,1
71906,PII,2,20GHS,1
71912,PII,2,20GHS,1
71913,PII,2,20GHS,1
72003,PII,2,20GHS,1
72211,PII,2,20GHS,1
72212,PII,2,20GHS,1
72705,PII,2,20GHS,1
72903,PII,2,20GHS,1
73010,PII,2,20GHS,1
73114,PII,2,20GHS,1
73201,PII,2,20GHS,1
73403,PII,2,20GHS,1
73411,PII,2,20GHS,1
73506,PII,2,20GHS,1
73708,PII,2,20GHS,1
74213,PII,2,20GHS,1
74306,PII,2,20GHS,1
74310,PII,2,20GHS,1
74413,PII,2,20GHS,1
74605,PII,2,20GHS,1
75311,PII,2,20GHS,1
75410,PII,2,20GHS,1
75604,PII,2,20GHS,1
75803,PII,2,20GHS,1
76409,PII,2,20GHS,1
76609,PII,2,20GHS,1
76703,PII,2,20GHS,1
76805,PII,2,20GHS,1
77014,PII,2,20GHS,1
77210,PII,2,20GHS,1
77605,PII,2,20GHS,1
78009,PII,2,20GHS,1
78501,PII,2,20GHS,1
78810,PII,2,20GHS,1
79114,PII,2,20GHS,1
80309,PII,2,20GHS,1
80507,PII,2,20GHS,1
81610,PII,2,20GHS,1
81715,PII,2,20GHS,1
81914,PII,2,20GHS,1
82104,PII,2,20GHS,1
82401,PII,2,20GHS,1
82410,PII,2,20GHS,1
82812,PII,2,20GHS,1
82908,PII,2,20GHS,1
83306,PII,2,20GHS,1
84102,PII,2,20GHS,1
84303,PII,2,20GHS,1
84504,PII,2,20GHS,1
84504,PII,2,20GHS,1
84915,PII,2,20GHS,1
85113,PII,2,20GHS,1
85115,PII,2,20GHS,1
85212,PII,2,20GHS,1
85902,PII,2,20GHS,1
86507,PII,2,20GHS,1
86510,PII,2,20GHS,1
86802,PII,2,20GHS,1
86910,PII,2,20GHS,1
87013,PII,2,20GHS,1
87415,PII,2,20GHS,1
87508,PII,2,20GHS,1
87614,PII,2,20GHS,1
87915,PII,2,20GHS,1
88202,PII,2,20GHS,1
88302,PII,2,20GHS,1
88314,PII,2,20GHS,1
88505,PII,2,20GHS,1
88901,PII,2,20GHS,1
89102,PII,2,20GHS,1
89713,PII,2,20GHS,1
89714,PII,2,20GHS,1
89801,PII,2,20GHS,1
90009,PII,2,20GHS,1
90204,PII,2,20GHS,1
90415,PII,2,20GHS,1
90509,PII,2,20GHS,1
90604,PII,2,20GHS,1
91212,PII,2,20GHS,1
91509,PII,2,20GHS,1
91609,PII,2,20GHS,1
92703,PII,2,20GHS,1
93403,PII,2,20GHS,1
94412,PII,2,20GHS,1
95312,PII,2,20GHS,1
95402,PII,2,20GHS,1
95711,PII,2,20GHS,1
95811,PII,2,20GHS,1
96215,PII,2,20GHS,1
96708,PII,2,20GHS,1
97509,PII,2,20GHS,1
97605,PII,2,20GHS,1
97905,PII,2,20GHS,1
98003,PII,2,20GHS,1
99105,PII,2,20GHS,1
99603,PII,2,20GHS,1
100012,PII,2,20GHS,1
